Id,SalePrice
<built-in function id>,6764220.764167282
<built-in function id>,3009809.794809445
<built-in function id>,4554987.177217894
<built-in function id>,4458130.079866585
<built-in function id>,4823571.943091847
<built-in function id>,4177347.489649059
<built-in function id>,3986566.2397263288
<built-in function id>,3737322.188357943
<built-in function id>,4810142.694414442
<built-in function id>,4878578.4728651475
<built-in function id>,4866637.686693608
<built-in function id>,2504167.1070384756
<built-in function id>,3012735.653795666
<built-in function id>,4153878.5196392997
<built-in function id>,2932660.2551783295
<built-in function id>,7190886.768886113
<built-in function id>,8162810.61690841
<built-in function id>,6946427.014229769
<built-in function id>,6474721.946538005
<built-in function id>,9146483.842065802
<built-in function id>,7185197.682613524
<built-in function id>,4649805.476712456
<built-in function id>,4110431.034632979
<built-in function id>,4171410.3346811277
<built-in function id>,3817259.122757322
<built-in function id>,4153873.5735682864
<built-in function id>,9099745.45238908
<built-in function id>,8266436.122759726
<built-in function id>,6352337.587274075
<built-in function id>,5027998.191756446
<built-in function id>,4615555.58873513
<built-in function id>,4008782.25881915
<built-in function id>,4386588.607359313
<built-in function id>,7232717.601896866
<built-in function id>,6767648.521875533
<built-in function id>,4852636.905262727
<built-in function id>,5559397.437276579
<built-in function id>,4543253.043455432
<built-in function id>,4536018.928265046
<built-in function id>,4528852.590967505
<built-in function id>,4180498.839402576
<built-in function id>,4682217.929129661
<built-in function id>,8028368.4375555245
<built-in function id>,5632148.653649002
<built-in function id>,5646538.391019211
<built-in function id>,5078448.520191566
<built-in function id>,6272153.935531435
<built-in function id>,6385506.869889114
<built-in function id>,4170620.924564635
<built-in function id>,4603970.73113382
<built-in function id>,4740107.659334386
<built-in function id>,4881854.379246305
<built-in function id>,4522038.809485859
<built-in function id>,165220.54630653752
<built-in function id>,3854798.936967566
<built-in function id>,4425504.043026075
<built-in function id>,3024713.4329982996
<built-in function id>,5404741.109891544
<built-in function id>,5868360.403235905
<built-in function id>,2937236.299446635
<built-in function id>,2979534.2817868385
<built-in function id>,4183286.029218432
<built-in function id>,2492960.6562163727
<built-in function id>,2988475.6707470496
<built-in function id>,2881840.347048272
<built-in function id>,2513193.253621419
<built-in function id>,6252674.764645012
<built-in function id>,2669037.25494576
<built-in function id>,4549989.992488256
<built-in function id>,4182447.586032165
<built-in function id>,2312126.6167129767
<built-in function id>,84890.04348705715
<built-in function id>,5191469.647233877
<built-in function id>,2303492.610840172
<built-in function id>,2341132.7296779333
<built-in function id>,2987052.886130336
<built-in function id>,7212481.332422608
<built-in function id>,2803958.85909784
<built-in function id>,5946955.3104786845
<built-in function id>,153315.15059606335
<built-in function id>,5877986.356929054
<built-in function id>,3451490.9626798867
<built-in function id>,3095735.172640917
<built-in function id>,1901848.5899530693
<built-in function id>,2290635.4667664687
<built-in function id>,5374069.023150949
<built-in function id>,2324084.679416206
<built-in function id>,2972062.806445144
<built-in function id>,5793870.2211541785
<built-in function id>,4503137.896392783
<built-in function id>,2785937.289731976
<built-in function id>,5359505.737464807
<built-in function id>,151323.71560324295
<built-in function id>,1757516.5354913163
<built-in function id>,3507245.9288796214
<built-in function id>,1756702.7428515344
<built-in function id>,150968.1915195022
<built-in function id>,2249624.7063162583
<built-in function id>,132585.75501221293
<built-in function id>,4251130.475382004
<built-in function id>,181049.69806628567
<built-in function id>,3922497.35905568
<built-in function id>,2640907.6167120542
<built-in function id>,5557217.564254224
<built-in function id>,4504287.863992634
<built-in function id>,6517527.175346217
<built-in function id>,4117637.8008666513
<built-in function id>,4981971.734970324
<built-in function id>,4492750.277994023
<built-in function id>,4389081.588711629
<built-in function id>,2022666.2844592237
<built-in function id>,3470579.33429154
<built-in function id>,5466387.34657016
<built-in function id>,4740151.246708616
<built-in function id>,5038639.558823014
<built-in function id>,9486781.219049694
<built-in function id>,5801689.104353246
<built-in function id>,4580623.179874022
<built-in function id>,5405798.087519363
<built-in function id>,4864733.289446033
<built-in function id>,2947544.178016211
<built-in function id>,4511815.411314149
<built-in function id>,8028337.744358398
<built-in function id>,5897297.909893354
<built-in function id>,3984487.0795328217
<built-in function id>,2216538.385336914
<built-in function id>,3035894.4012732594
<built-in function id>,3218728.4202981503
<built-in function id>,4450935.557522423
<built-in function id>,3328876.3785861684
<built-in function id>,76373.49902257275
<built-in function id>,2491950.240638432
<built-in function id>,3739691.768135026
<built-in function id>,138926.10808841544
<built-in function id>,121721.4461748651
<built-in function id>,3086041.341501637
<built-in function id>,4586893.053739383
<built-in function id>,4492385.727511938
<built-in function id>,5661192.359745423
<built-in function id>,5044170.972006759
<built-in function id>,1843246.654656454
<built-in function id>,5828036.410662212
<built-in function id>,3118718.4320040434
<built-in function id>,5060548.968825562
<built-in function id>,6990044.524025274
<built-in function id>,4454632.051459439
<built-in function id>,7278160.371104542
<built-in function id>,6234040.2011318365
<built-in function id>,4925290.683766867
<built-in function id>,3769036.923798574
<built-in function id>,4945476.282142202
<built-in function id>,5881746.460809006
<built-in function id>,6406256.383158978
<built-in function id>,2430490.2263308275
<built-in function id>,71588.46539236364
<built-in function id>,70108.7602117382
<built-in function id>,2689309.3903798065
<built-in function id>,3304536.351497848
<built-in function id>,4650236.601277435
<built-in function id>,5791911.303821072
<built-in function id>,5381072.262932564
<built-in function id>,2641550.8493736926
<built-in function id>,4646019.764381046
<built-in function id>,5840710.464884597
<built-in function id>,4737872.895030179
<built-in function id>,4976004.435715821
<built-in function id>,4459467.560173882
<built-in function id>,6036992.387361239
<built-in function id>,3712850.0611683726
<built-in function id>,5481628.254362827
<built-in function id>,4724030.070759392
<built-in function id>,5061542.800518612
<built-in function id>,3766816.0532386135
<built-in function id>,4186451.172311292
<built-in function id>,3897833.4706831947
<built-in function id>,4075414.6371237496
<built-in function id>,5344532.326915008
<built-in function id>,5042327.466831019
<built-in function id>,4588543.598344041
<built-in function id>,4282740.652114641
<built-in function id>,4539865.660341749
<built-in function id>,5540829.734632412
<built-in function id>,5593978.130275809
<built-in function id>,5375386.042745763
<built-in function id>,4545623.04465198
<built-in function id>,4945509.55379509
<built-in function id>,4759639.838895093
<built-in function id>,4479908.8215768235
<built-in function id>,3197964.1907492927
<built-in function id>,5335863.261628733
<built-in function id>,5339478.334619862
<built-in function id>,2502844.759718075
<built-in function id>,2723861.8989625284
<built-in function id>,4161492.909819791
<built-in function id>,4154514.365124892
<built-in function id>,4155578.713555861
<built-in function id>,4158315.557360492
<built-in function id>,4172349.7034754963
<built-in function id>,3257806.819650435
<built-in function id>,6119078.737501007
<built-in function id>,7232128.552902851
<built-in function id>,8213097.089669058
<built-in function id>,8508530.098103436
<built-in function id>,7360246.903574846
<built-in function id>,7909383.243130171
<built-in function id>,8795508.174984679
<built-in function id>,6172048.282243442
<built-in function id>,8784999.399909975
<built-in function id>,6670892.964320055
<built-in function id>,8069035.525478852
<built-in function id>,5567413.1432439685
<built-in function id>,8450207.288407752
<built-in function id>,6926771.249060531
<built-in function id>,8193505.786983599
<built-in function id>,4616969.407034149
<built-in function id>,5891512.685803472
<built-in function id>,4622389.879648955
<built-in function id>,9063506.202596731
<built-in function id>,6585568.053714512
<built-in function id>,6240510.413311461
<built-in function id>,5182974.321038325
<built-in function id>,6664744.309165587
<built-in function id>,4562425.983616876
<built-in function id>,3736438.5877660746
<built-in function id>,3757645.4950557044
<built-in function id>,3811681.7599297375
<built-in function id>,3830010.353267804
<built-in function id>,4178465.0246190415
<built-in function id>,4172506.795733681
<built-in function id>,3840698.0123119554
<built-in function id>,3764809.539170215
<built-in function id>,6127634.424011581
<built-in function id>,3831838.228499254
<built-in function id>,3752785.0791293
<built-in function id>,3785564.329979025
<built-in function id>,6269220.176780054
<built-in function id>,3873936.262724717
<built-in function id>,7697581.64259491
<built-in function id>,7732512.095752403
<built-in function id>,6137174.817101721
<built-in function id>,5947161.002674338
<built-in function id>,9142550.379706992
<built-in function id>,6865819.578375462
<built-in function id>,7955885.901442353
<built-in function id>,4736378.435700001
<built-in function id>,7634577.810247458
<built-in function id>,5052414.899248948
<built-in function id>,5903238.326479489
<built-in function id>,9239456.318691457
<built-in function id>,6536327.295801045
<built-in function id>,7379809.15510185
<built-in function id>,4971840.275064792
<built-in function id>,6726441.752989288
<built-in function id>,5586539.727978624
<built-in function id>,5933195.907827825
<built-in function id>,5444388.309239506
<built-in function id>,4597023.103014612
<built-in function id>,146224.07618289068
<built-in function id>,4577006.471944974
<built-in function id>,7960338.081599092
<built-in function id>,5431552.131817076
<built-in function id>,130966.08358382666
<built-in function id>,5391445.549344948
<built-in function id>,7400087.640869477
<built-in function id>,5335097.4612522945
<built-in function id>,5002717.089989829
<built-in function id>,5122128.8194585955
<built-in function id>,4705357.901976543
<built-in function id>,4392707.485023366
<built-in function id>,5724793.29514807
<built-in function id>,3760308.8446205845
<built-in function id>,6783366.225075155
<built-in function id>,4114087.3400202985
<built-in function id>,2732447.648707916
<built-in function id>,2866995.3483081223
<built-in function id>,2397781.3831236176
<built-in function id>,8175849.851387961
<built-in function id>,4984568.428967164
<built-in function id>,6716688.667308345
<built-in function id>,5350320.705094436
<built-in function id>,6046869.526382837
<built-in function id>,4180090.5871466864
<built-in function id>,4791154.898523283
<built-in function id>,6143801.869150193
<built-in function id>,5182205.487499428
<built-in function id>,5025327.8026299225
<built-in function id>,7375029.340411669
<built-in function id>,4919547.2415897995
<built-in function id>,4739854.193133798
<built-in function id>,3206027.0796753266
<built-in function id>,4988791.589389718
<built-in function id>,2940907.724735042
<built-in function id>,4165364.645962076
<built-in function id>,4736831.152444037
<built-in function id>,4666437.633814649
<built-in function id>,3692079.193444582
<built-in function id>,2899785.9674511156
<built-in function id>,7144922.818160808
<built-in function id>,5411644.731484528
<built-in function id>,5720469.173737893
<built-in function id>,4890367.031338508
<built-in function id>,5178186.752232022
<built-in function id>,3538469.7048116094
<built-in function id>,3114299.337945121
<built-in function id>,5209568.456783734
<built-in function id>,5003563.903164166
<built-in function id>,5130728.364091567
<built-in function id>,2737277.6586290943
<built-in function id>,4191064.2895915364
<built-in function id>,2843940.03618737
<built-in function id>,2897135.046785358
<built-in function id>,3344691.1159015065
<built-in function id>,2790393.450226297
<built-in function id>,4689370.125426298
<built-in function id>,2837262.317213323
<built-in function id>,4479047.349134496
<built-in function id>,2254632.7301705973
<built-in function id>,2223260.7888155915
<built-in function id>,5730255.760108962
<built-in function id>,3905223.4202154013
<built-in function id>,2367599.7018290404
<built-in function id>,3395791.8000511345
<built-in function id>,6694094.6451652935
<built-in function id>,2687261.387003129
<built-in function id>,2536972.877059764
<built-in function id>,4996984.952233296
<built-in function id>,5864413.346807706
<built-in function id>,96942.73425814437
<built-in function id>,5358232.352511453
<built-in function id>,2966352.6219366794
<built-in function id>,8496706.997999325
<built-in function id>,3472074.1591195674
<built-in function id>,4542233.36355769
<built-in function id>,4528070.320028504
<built-in function id>,2945472.881512488
<built-in function id>,3635215.0423423033
<built-in function id>,8341159.364600889
<built-in function id>,2786863.7763349386
<built-in function id>,2260398.342827254
<built-in function id>,2743206.1340498724
<built-in function id>,3600544.1339863213
<built-in function id>,5399902.423771097
<built-in function id>,4562361.199090911
<built-in function id>,5281871.953883384
<built-in function id>,2527822.1376724495
<built-in function id>,1609855.539381265
<built-in function id>,3130749.409559156
<built-in function id>,4414179.668110361
<built-in function id>,108171.9563784322
<built-in function id>,3772250.10898324
<built-in function id>,162535.15846142062
<built-in function id>,148691.8133266398
<built-in function id>,2917986.0949325454
<built-in function id>,2738569.760817895
<built-in function id>,2821254.434465579
<built-in function id>,2739511.700220359
<built-in function id>,6738306.096265288
<built-in function id>,3496506.4110848657
<built-in function id>,2696483.7350298115
<built-in function id>,59243.4433084929
<built-in function id>,2049567.8976677626
<built-in function id>,5989708.948805875
<built-in function id>,75323.83812101811
<built-in function id>,2115703.2590957535
<built-in function id>,3175969.58235098
<built-in function id>,3024026.073364898
<built-in function id>,2505457.868803628
<built-in function id>,2403138.6160286516
<built-in function id>,10930379.352042185
<built-in function id>,5403868.894619267
<built-in function id>,2129003.2826306876
<built-in function id>,149077.59404587816
<built-in function id>,3033575.102696638
<built-in function id>,3611272.9647590816
<built-in function id>,179558.1822855476
<built-in function id>,3653084.8879582607
<built-in function id>,93980.93917575241
<built-in function id>,2938159.1388203786
<built-in function id>,2095265.7301792202
<built-in function id>,118210.08493757402
<built-in function id>,2425222.1915553687
<built-in function id>,2134794.7268159674
<built-in function id>,6219684.137606171
<built-in function id>,4733468.905325883
<built-in function id>,3623442.953651298
<built-in function id>,4515658.4808541555
<built-in function id>,3246072.5337974043
<built-in function id>,-1783.1831966097525
<built-in function id>,4644600.679413893
<built-in function id>,3211249.031443405
<built-in function id>,2342275.617596916
<built-in function id>,2421605.624198371
<built-in function id>,2581846.4004199286
<built-in function id>,4384845.179117057
<built-in function id>,5436021.851529915
<built-in function id>,4528881.658939587
<built-in function id>,5410282.643866386
<built-in function id>,6721209.679603792
<built-in function id>,3759812.043034773
<built-in function id>,6291340.8113933
<built-in function id>,3758329.9276528163
<built-in function id>,7736396.27226567
<built-in function id>,7736396.27226567
<built-in function id>,7736396.27226567
<built-in function id>,10706442.270122422
<built-in function id>,8036962.141715195
<built-in function id>,8477265.511293175
<built-in function id>,5062632.331768137
<built-in function id>,6237444.387550614
<built-in function id>,7609017.490157356
<built-in function id>,7959698.270717103
<built-in function id>,4191625.262413677
<built-in function id>,5011950.894173846
<built-in function id>,4123668.8271717806
<built-in function id>,5132249.2990922155
<built-in function id>,4659923.955088385
<built-in function id>,5478054.246920306
<built-in function id>,5773281.369809475
<built-in function id>,3251444.868921914
<built-in function id>,4156443.928216834
<built-in function id>,11470707.847073467
<built-in function id>,5456767.812901793
<built-in function id>,5215366.081704635
<built-in function id>,5757745.123209777
<built-in function id>,4987609.037656932
<built-in function id>,5050219.526490294
<built-in function id>,4866040.621832542
<built-in function id>,7632826.5520539265
<built-in function id>,4171285.8071638294
<built-in function id>,5066470.689949329
<built-in function id>,4931990.026021299
<built-in function id>,2999041.585504073
<built-in function id>,1964259.746798999
<built-in function id>,146120.59344009706
<built-in function id>,3004824.645293797
<built-in function id>,2443081.0573364035
<built-in function id>,2385639.606100739
<built-in function id>,1747095.289827364
<built-in function id>,4163573.7534927456
<built-in function id>,2096580.335039464
<built-in function id>,4140978.219773147
<built-in function id>,2937990.47854028
<built-in function id>,3863401.095514193
<built-in function id>,3691413.6997602154
<built-in function id>,4404456.305416101
<built-in function id>,2802551.2423042543
<built-in function id>,5451147.617062368
<built-in function id>,4219407.1174259195
<built-in function id>,4376747.020143837
<built-in function id>,4346022.769462905
<built-in function id>,4738977.267103959
<built-in function id>,5315128.111803869
<built-in function id>,5428296.782620725
<built-in function id>,1864725.505038466
<built-in function id>,4689973.111748386
<built-in function id>,2607881.962113785
<built-in function id>,6098245.788565314
<built-in function id>,3310457.8931111638
<built-in function id>,5086527.121045939
<built-in function id>,6298965.749957523
<built-in function id>,7469967.127472346
<built-in function id>,8387246.48513469
<built-in function id>,4229977.198532548
<built-in function id>,5490901.962142102
<built-in function id>,4662521.806302809
<built-in function id>,8740094.04709494
<built-in function id>,3630374.0512040225
<built-in function id>,4742800.983315023
<built-in function id>,3166721.9226431353
<built-in function id>,4048850.504924728
<built-in function id>,6476312.332040802
<built-in function id>,4133025.548782974
<built-in function id>,8374187.590877244
<built-in function id>,4446171.649904343
<built-in function id>,3975842.186300063
<built-in function id>,4485259.167018898
<built-in function id>,3700583.397498649
<built-in function id>,3858507.0559905916
<built-in function id>,5099818.403704836
<built-in function id>,4835191.638472528
<built-in function id>,4364699.060045009
<built-in function id>,3973346.079728255
<built-in function id>,4432623.64578298
<built-in function id>,6542371.934991045
<built-in function id>,6441326.842514534
<built-in function id>,4681884.892127691
<built-in function id>,5381694.104361754
<built-in function id>,6901824.1369099105
<built-in function id>,5078989.866140905
<built-in function id>,5649924.050267783
<built-in function id>,5286998.337994291
<built-in function id>,5264771.272439207
<built-in function id>,4366593.436920612
<built-in function id>,4666372.026974284
<built-in function id>,4528826.598305661
<built-in function id>,12302769.854892746
<built-in function id>,4462221.811126428
<built-in function id>,7455252.801029528
<built-in function id>,4541456.904388932
<built-in function id>,2743044.474101748
<built-in function id>,5364629.770806281
<built-in function id>,2505804.170079326
<built-in function id>,3312418.0890107453
<built-in function id>,2507877.9711431083
<built-in function id>,4343611.262649749
<built-in function id>,4149858.8967646547
<built-in function id>,8515799.24112969
<built-in function id>,6283440.439251136
<built-in function id>,6776905.162508897
<built-in function id>,8116164.168031777
<built-in function id>,10877759.95381016
<built-in function id>,9480890.340217829
<built-in function id>,6244070.600533811
<built-in function id>,7198381.350028883
<built-in function id>,7598773.404623016
<built-in function id>,6938210.368440698
<built-in function id>,7131226.099181713
<built-in function id>,7588879.196184195
<built-in function id>,8246256.418101802
<built-in function id>,4630756.026215824
<built-in function id>,8927912.40706161
<built-in function id>,5230022.088781315
<built-in function id>,5226687.378461792
<built-in function id>,4513716.942729624
<built-in function id>,6096027.666982488
<built-in function id>,6310737.642426631
<built-in function id>,4098991.3544104346
<built-in function id>,3765258.2049515774
<built-in function id>,3850826.229451174
<built-in function id>,4180964.7818625662
<built-in function id>,4622389.879648955
<built-in function id>,4145488.876315886
<built-in function id>,3851235.917865756
<built-in function id>,3881318.894579295
<built-in function id>,4281644.533962977
<built-in function id>,4956820.707994168
<built-in function id>,6579914.171679473
<built-in function id>,8849746.78791084
<built-in function id>,5508765.78475287
<built-in function id>,7138796.64923303
<built-in function id>,7397331.446741225
<built-in function id>,6094075.2234225245
<built-in function id>,8003395.201447426
<built-in function id>,8273817.559226313
<built-in function id>,4611629.051212754
<built-in function id>,5574546.430261264
<built-in function id>,6267816.805783339
<built-in function id>,4404436.466192753
<built-in function id>,5145136.337681831
<built-in function id>,4560991.637319968
<built-in function id>,152209.6528591322
<built-in function id>,4599749.462638556
<built-in function id>,4976377.431485804
<built-in function id>,4518279.679324592
<built-in function id>,4621452.312252829
<built-in function id>,5906847.497474892
<built-in function id>,4816386.159434038
<built-in function id>,3606866.84442801
<built-in function id>,3938567.343652392
<built-in function id>,2914491.339629092
<built-in function id>,2618464.296357543
<built-in function id>,4569693.845465246
<built-in function id>,4616915.271355302
<built-in function id>,4575018.191559009
<built-in function id>,6138011.24462138
<built-in function id>,4707356.857720847
<built-in function id>,4524724.941533106
<built-in function id>,5094947.796225974
<built-in function id>,4161242.9338453077
<built-in function id>,4788444.871042618
<built-in function id>,5223432.247813215
<built-in function id>,5640049.934347978
<built-in function id>,4677706.22752509
<built-in function id>,4380775.723909874
<built-in function id>,5161869.944906054
<built-in function id>,4581427.124539808
<built-in function id>,4582713.027033349
<built-in function id>,8059270.165294831
<built-in function id>,4587287.609900798
<built-in function id>,8201776.567481063
<built-in function id>,5278193.197542386
<built-in function id>,4470688.754256147
<built-in function id>,4864840.882948424
<built-in function id>,4859663.729010989
<built-in function id>,5474516.295974072
<built-in function id>,4566655.913921785
<built-in function id>,4416037.344837167
<built-in function id>,5367663.793165036
<built-in function id>,5423301.170327949
<built-in function id>,4420895.225923001
<built-in function id>,2525123.903436975
<built-in function id>,4227358.714436307
<built-in function id>,2547744.3027536278
<built-in function id>,2169528.950258645
<built-in function id>,4291174.727918768
<built-in function id>,2541873.6422945186
<built-in function id>,2961592.4104943303
<built-in function id>,4581390.385598235
<built-in function id>,2784549.3762093144
<built-in function id>,4529162.565666871
<built-in function id>,4204621.401470726
<built-in function id>,3621546.6836230704
<built-in function id>,2294920.5160352057
<built-in function id>,5934511.667372918
<built-in function id>,3744240.76507172
<built-in function id>,5094263.61844943
<built-in function id>,2876452.383959101
<built-in function id>,4579978.193614468
<built-in function id>,3614975.9979455885
<built-in function id>,2716499.588336659
<built-in function id>,2875564.2517822646
<built-in function id>,13724469.200257106
<built-in function id>,3512637.8120351546
<built-in function id>,4691278.837621553
<built-in function id>,3793391.547633971
<built-in function id>,5393627.086406389
<built-in function id>,2977249.4375768006
<built-in function id>,2831347.3798134318
<built-in function id>,5372675.364730217
<built-in function id>,2650997.538250278
<built-in function id>,2307917.624858558
<built-in function id>,159642.70126312767
<built-in function id>,4521246.915952887
<built-in function id>,3274033.553733288
<built-in function id>,2517650.633916341
<built-in function id>,2913485.6087389295
<built-in function id>,3762273.0336826444
<built-in function id>,3118699.696209286
<built-in function id>,2440148.9984956305
<built-in function id>,2956748.5395343825
<built-in function id>,103193.44719024435
<built-in function id>,4127797.3563390165
<built-in function id>,2245592.2822329123
<built-in function id>,137200.91043008573
<built-in function id>,7688275.917938014
<built-in function id>,1898009.5278195136
<built-in function id>,138055.85586509193
<built-in function id>,8066212.071005472
<built-in function id>,2715519.4685342913
<built-in function id>,131809.83604866517
<built-in function id>,3996219.795838357
<built-in function id>,2767794.2472061277
<built-in function id>,2888963.6373495273
<built-in function id>,3755607.915063746
<built-in function id>,179259.01236979204
<built-in function id>,3776929.395742542
<built-in function id>,3345811.5153658786
<built-in function id>,2900562.1098636123
<built-in function id>,2899103.220633384
<built-in function id>,2758795.501918845
<built-in function id>,2468640.9836494136
<built-in function id>,2322157.5380620603
<built-in function id>,2303135.1867358023
<built-in function id>,1936851.335559963
<built-in function id>,2349311.9832479097
<built-in function id>,3472639.4925604216
<built-in function id>,6271093.264417881
<built-in function id>,2305370.87384913
<built-in function id>,1560478.94294873
<built-in function id>,3345607.0988838994
<built-in function id>,2613879.3449324914
<built-in function id>,3148391.7553137206
<built-in function id>,1558492.0389210992
<built-in function id>,3839614.9277976435
<built-in function id>,5411310.436328951
<built-in function id>,6293147.471208828
<built-in function id>,3465576.921006875
<built-in function id>,2237551.179915883
<built-in function id>,4119950.348855362
<built-in function id>,2944649.560117415
<built-in function id>,3812893.5013226266
<built-in function id>,3751303.162259297
<built-in function id>,3031473.760094213
<built-in function id>,3610300.7220675005
<built-in function id>,5371984.124679746
<built-in function id>,94820.77070105815
<built-in function id>,2300777.0563745038
<built-in function id>,4145233.7001779266
<built-in function id>,4540267.508708302
<built-in function id>,2809917.109827411
<built-in function id>,4740524.594959802
<built-in function id>,2599876.0540013225
<built-in function id>,4755279.2862520665
<built-in function id>,3757695.5381494807
<built-in function id>,2856014.028380443
<built-in function id>,5803931.994749801
<built-in function id>,5878397.124468722
<built-in function id>,5840486.98412496
<built-in function id>,8444596.467808884
<built-in function id>,4564961.809579098
<built-in function id>,2376667.7034397647
<built-in function id>,140898.22025034425
<built-in function id>,3103365.0668471823
<built-in function id>,89152.40048347987
<built-in function id>,2686266.697603726
<built-in function id>,5886827.00397044
<built-in function id>,5092890.458080472
<built-in function id>,4374454.32641395
<built-in function id>,4532457.978707442
<built-in function id>,4591525.38253316
<built-in function id>,8137216.648919185
<built-in function id>,12648306.39707226
<built-in function id>,8287848.026848948
<built-in function id>,7648065.50462347
<built-in function id>,4188289.9392793267
<built-in function id>,4935496.297045051
<built-in function id>,5301165.037263581
<built-in function id>,5665783.111371122
<built-in function id>,5070511.76804334
<built-in function id>,5928272.252999027
<built-in function id>,4972876.302078008
<built-in function id>,5381879.5630383305
<built-in function id>,4162510.536834489
<built-in function id>,5440349.508270147
<built-in function id>,6895061.728655123
<built-in function id>,6813690.618775506
<built-in function id>,5693932.970979531
<built-in function id>,5333296.94781763
<built-in function id>,3990542.1997154746
<built-in function id>,6787083.958687607
<built-in function id>,4505610.127735747
<built-in function id>,7652002.732553397
<built-in function id>,5767931.332707631
<built-in function id>,2518696.747921865
<built-in function id>,4716869.70065192
<built-in function id>,4509217.794040253
<built-in function id>,5081309.195590109
<built-in function id>,4153829.461058044
<built-in function id>,5989859.168156128
<built-in function id>,57205.63737539842
<built-in function id>,66385.62377902403
<built-in function id>,64899.65191577029
<built-in function id>,102503.04340763442
<built-in function id>,78868.08413343327
<built-in function id>,2714120.919784558
<built-in function id>,2955679.147917499
<built-in function id>,1978638.3331616668
<built-in function id>,2998156.591403716
<built-in function id>,4535970.378315369
<built-in function id>,3488182.180943844
<built-in function id>,3778558.1784100835
<built-in function id>,1853482.7945686614
<built-in function id>,5615102.101058433
<built-in function id>,2356254.430353103
<built-in function id>,2168398.920929366
<built-in function id>,3274624.764830992
<built-in function id>,7378608.93017437
<built-in function id>,4821401.930730813
<built-in function id>,4603623.270905735
<built-in function id>,4326401.120527326
<built-in function id>,1883634.3954945654
<built-in function id>,2333012.1926612942
<built-in function id>,104944.63587541097
<built-in function id>,2816935.5468749166
<built-in function id>,3370272.7681156737
<built-in function id>,3408179.150864037
<built-in function id>,4481197.447621409
<built-in function id>,1772375.511124834
<built-in function id>,1840667.6699140065
<built-in function id>,2077036.8945784275
<built-in function id>,5083451.980862531
<built-in function id>,4667814.012115512
<built-in function id>,7469710.30889039
<built-in function id>,7657706.254909344
<built-in function id>,4537683.506292958
<built-in function id>,4101488.126873053
<built-in function id>,4890665.622608278
<built-in function id>,7458419.156505125
<built-in function id>,5817808.391073794
<built-in function id>,3763595.4545540432
<built-in function id>,6288903.980808945
<built-in function id>,4173241.776736491
<built-in function id>,5453081.35329137
<built-in function id>,4505703.065193432
<built-in function id>,4213776.994077118
<built-in function id>,5004042.8997329185
<built-in function id>,8441019.943916775
<built-in function id>,7346602.469903443
<built-in function id>,116416.49763532876
<built-in function id>,3733655.614836258
<built-in function id>,7889546.65880011
<built-in function id>,4673614.334309727
<built-in function id>,3186710.384703207
<built-in function id>,2797564.411734424
<built-in function id>,2797172.4631915684
<built-in function id>,2479819.3263274953
<built-in function id>,89618.3837149948
<built-in function id>,2492897.2279200447
<built-in function id>,2508648.5587496124
<built-in function id>,4510440.562119963
<built-in function id>,2761973.2585424758
<built-in function id>,4955741.527728141
<built-in function id>,3688753.6490643416
<built-in function id>,3791359.2457515085
<built-in function id>,4290103.604855821
<built-in function id>,4018423.5884379004
<built-in function id>,4591359.85699245
<built-in function id>,4004617.530602221
<built-in function id>,3738466.1269013234
<built-in function id>,4519628.36222838
<built-in function id>,4571771.80279421
<built-in function id>,4640016.499837225
<built-in function id>,6970504.363973026
<built-in function id>,10498813.380336212
<built-in function id>,7722669.720475757
<built-in function id>,5364587.246902928
<built-in function id>,6938292.588119746
<built-in function id>,6955287.377762208
<built-in function id>,4533209.968785261
<built-in function id>,4599963.577765864
<built-in function id>,6267737.21149033
<built-in function id>,4601091.273344978
<built-in function id>,4676198.780130731
<built-in function id>,4520845.905071928
<built-in function id>,8786285.159110164
<built-in function id>,5534417.913167742
<built-in function id>,4613125.384088937
<built-in function id>,5388554.351575855
<built-in function id>,3486841.017015939
<built-in function id>,2541480.9339759694
<built-in function id>,4866657.242817827
<built-in function id>,4963075.13550486
<built-in function id>,2509216.840021655
<built-in function id>,2546417.644899379
<built-in function id>,3043894.4759299625
<built-in function id>,3386857.973472237
<built-in function id>,6978743.647773322
<built-in function id>,8087205.296918171
<built-in function id>,8856722.962447762
<built-in function id>,9861538.411481658
<built-in function id>,6412580.459658184
<built-in function id>,8362294.614920098
<built-in function id>,8894181.83641691
<built-in function id>,7789016.3171368195
<built-in function id>,11105034.912466051
<built-in function id>,6907654.004769537
<built-in function id>,7471893.032342055
<built-in function id>,8018152.330560333
<built-in function id>,8700706.055838417
<built-in function id>,7767243.171540721
<built-in function id>,7325112.029791487
<built-in function id>,8262182.881935127
<built-in function id>,5305142.049794176
<built-in function id>,8234783.901412029
<built-in function id>,5957193.371143368
<built-in function id>,5957193.371143368
<built-in function id>,4397772.0498036435
<built-in function id>,5967252.291929334
<built-in function id>,5431544.321538053
<built-in function id>,5228347.975563583
<built-in function id>,4563905.688797502
<built-in function id>,5387798.4893971225
<built-in function id>,3821389.674865236
<built-in function id>,4317160.809538398
<built-in function id>,4188774.695544256
<built-in function id>,3370781.99098712
<built-in function id>,3722598.6904168944
<built-in function id>,4202472.020895778
<built-in function id>,3832563.398080833
<built-in function id>,4400446.614486635
<built-in function id>,5988874.090181173
<built-in function id>,3732476.2862086953
<built-in function id>,4173989.4242028994
<built-in function id>,3817667.375013212
<built-in function id>,5093114.217523369
<built-in function id>,3816958.1514034574
<built-in function id>,4170740.2035514168
<built-in function id>,4189508.120130078
<built-in function id>,4202742.95164628
<built-in function id>,4364040.317766297
<built-in function id>,8755280.67236944
<built-in function id>,7718883.263346891
<built-in function id>,7210113.315499002
<built-in function id>,5720998.141072011
<built-in function id>,4979671.6674740445
<built-in function id>,8805335.694249809
<built-in function id>,5713035.948366566
<built-in function id>,8003707.170134645
<built-in function id>,4656564.872672827
<built-in function id>,10316951.888937939
<built-in function id>,4575824.505777832
<built-in function id>,4645447.265123304
<built-in function id>,6350975.747497927
<built-in function id>,5453758.509587936
<built-in function id>,8071806.15954818
<built-in function id>,5663145.032134876
<built-in function id>,5439191.4477283545
<built-in function id>,5609661.31514265
<built-in function id>,5272254.878291416
<built-in function id>,8303309.227773782
<built-in function id>,5687299.524738008
<built-in function id>,6258460.164388835
<built-in function id>,7035266.278751918
<built-in function id>,129184.25379072464
<built-in function id>,166780.13426257888
<built-in function id>,5410152.614331455
<built-in function id>,5380198.685058617
<built-in function id>,4697802.822043377
<built-in function id>,2698997.0627345545
<built-in function id>,2917992.2006479767
<built-in function id>,6379411.058272218
<built-in function id>,5410850.365340133
<built-in function id>,4103197.8842818537
<built-in function id>,5120790.799049718
<built-in function id>,5151549.378483456
<built-in function id>,4618352.538832487
<built-in function id>,4581288.702747699
<built-in function id>,4458371.667601992
<built-in function id>,5058232.240768284
<built-in function id>,4156006.563418748
<built-in function id>,4183768.2575447466
<built-in function id>,5900143.906781217
<built-in function id>,5290283.591100243
<built-in function id>,10392951.582827013
<built-in function id>,4619894.071729865
<built-in function id>,5261945.560144382
<built-in function id>,6497183.64632875
<built-in function id>,3886927.669547379
<built-in function id>,5404240.31250341
<built-in function id>,4523314.069920315
<built-in function id>,4980735.914259271
<built-in function id>,4889531.76375125
<built-in function id>,4511225.105868328
<built-in function id>,4541008.975184308
<built-in function id>,4543918.371596512
<built-in function id>,2964300.57681373
<built-in function id>,2933220.603977848
<built-in function id>,4915947.219518255
<built-in function id>,3739042.297807833
<built-in function id>,4137010.2181524914
<built-in function id>,7278751.596822438
<built-in function id>,2931851.234258623
<built-in function id>,4159773.9397722343
<built-in function id>,4131998.813696849
<built-in function id>,5098331.197782604
<built-in function id>,2762236.624539705
<built-in function id>,4861917.585887573
<built-in function id>,4763218.632555909
<built-in function id>,124832.23311268484
<built-in function id>,16928.85520532589
<built-in function id>,2897209.311316537
<built-in function id>,2751533.839369525
<built-in function id>,7375502.727218387
<built-in function id>,4062408.2155814287
<built-in function id>,4940367.558640191
<built-in function id>,2996952.4407755905
<built-in function id>,2909913.4385598013
<built-in function id>,6437002.769699821
<built-in function id>,3184020.650141802
<built-in function id>,4410373.627247309
<built-in function id>,2904966.299553106
<built-in function id>,2980152.8645777386
<built-in function id>,3190724.957045575
<built-in function id>,3202158.256327319
<built-in function id>,4562278.673282926
<built-in function id>,3846409.408830158
<built-in function id>,2796770.89179119
<built-in function id>,2406483.3886082135
<built-in function id>,3321738.662557928
<built-in function id>,3653908.6953931437
<built-in function id>,2696666.683021293
<built-in function id>,3928511.4359566285
<built-in function id>,151132.3059022047
<built-in function id>,3549303.663675827
<built-in function id>,11181798.277905336
<built-in function id>,5409477.643985855
<built-in function id>,145799.29673201797
<built-in function id>,2675735.168751219
<built-in function id>,2289206.9978806404
<built-in function id>,2763274.520854269
<built-in function id>,3373248.0798546034
<built-in function id>,2731669.0030816756
<built-in function id>,3205545.8429200347
<built-in function id>,3085483.4424682134
<built-in function id>,3338408.8697975064
<built-in function id>,2819071.927447477
<built-in function id>,2768999.382930612
<built-in function id>,2722480.397403835
<built-in function id>,5365357.071734629
<built-in function id>,5383004.467326253
<built-in function id>,1805846.6341263107
<built-in function id>,1734437.517746232
<built-in function id>,3560682.859799111
<built-in function id>,5375524.002700938
<built-in function id>,2424154.9442124935
<built-in function id>,3243241.3143488145
<built-in function id>,7652088.052225975
<built-in function id>,3558350.9769814224
<built-in function id>,4484756.321774389
<built-in function id>,4423461.585001117
<built-in function id>,3193924.5011980515
<built-in function id>,5450630.972198636
<built-in function id>,3083165.4494728493
<built-in function id>,3592810.2823549695
<built-in function id>,2909820.6460651234
<built-in function id>,2970976.78603983
<built-in function id>,2142707.1801124006
<built-in function id>,2107207.719147059
<built-in function id>,2279569.280158895
<built-in function id>,4953797.917684128
<built-in function id>,2665360.794970388
<built-in function id>,2217397.451431796
<built-in function id>,3576994.2565106964
<built-in function id>,3903866.7357545355
<built-in function id>,5391748.636682487
<built-in function id>,5404797.8862715075
<built-in function id>,4321262.153528115
<built-in function id>,2270065.6331401397
<built-in function id>,2069208.3712662691
<built-in function id>,6179213.044273242
<built-in function id>,2931843.1599665806
<built-in function id>,6762944.457628899
<built-in function id>,4116464.215254432
<built-in function id>,2527897.845062542
<built-in function id>,4752934.510595292
<built-in function id>,2296698.4547418747
<built-in function id>,2919612.0509820883
<built-in function id>,5382232.837693921
<built-in function id>,4106502.534376209
<built-in function id>,4943497.660562024
<built-in function id>,2532261.074435089
<built-in function id>,5366162.41091316
<built-in function id>,2528438.7144751432
<built-in function id>,4929671.423421628
<built-in function id>,2983048.2078390676
<built-in function id>,3084122.2598217637
<built-in function id>,6024483.774231087
<built-in function id>,2187870.888078645
<built-in function id>,4659113.363157262
<built-in function id>,2901491.1430931985
<built-in function id>,4287845.4295789115
<built-in function id>,5212707.638860475
<built-in function id>,5401542.597470942
<built-in function id>,6073433.516754831
<built-in function id>,3154302.9070987157
<built-in function id>,5065243.647826195
<built-in function id>,3189572.241591847
<built-in function id>,3732963.559244761
<built-in function id>,2893315.2543692896
<built-in function id>,2525524.8946394306
<built-in function id>,2507542.66659971
<built-in function id>,2452830.715202215
<built-in function id>,2674311.8627970796
<built-in function id>,4868433.653779453
<built-in function id>,4764301.776874266
<built-in function id>,8190906.878386705
<built-in function id>,8457668.069585169
<built-in function id>,8195170.343124248
<built-in function id>,7505730.37871353
<built-in function id>,6375641.109942408
<built-in function id>,4966600.083362597
<built-in function id>,5487315.266706293
<built-in function id>,5869158.927743362
<built-in function id>,5091984.590095022
<built-in function id>,6958013.507248626
<built-in function id>,4687203.99202115
<built-in function id>,3634096.497020497
<built-in function id>,2347865.2467422145
<built-in function id>,5685286.232565748
<built-in function id>,5077796.036093486
<built-in function id>,4919435.120881203
<built-in function id>,4648590.408537714
<built-in function id>,4134897.9908040278
<built-in function id>,3491144.4395739078
<built-in function id>,5354611.475384402
<built-in function id>,6964297.424021631
<built-in function id>,2934303.739008905
<built-in function id>,4107500.6753748176
<built-in function id>,5382456.190700388
<built-in function id>,6735882.731858911
<built-in function id>,5539772.3557140725
<built-in function id>,5782923.183870378
<built-in function id>,5149197.578240367
<built-in function id>,4659835.012420482
<built-in function id>,5404054.643500693
<built-in function id>,5799469.462324546
<built-in function id>,4636351.85271119
<built-in function id>,5224340.3286598725
<built-in function id>,5458965.649384713
<built-in function id>,4167564.330671878
<built-in function id>,4593859.890226451
<built-in function id>,3831786.037746292
<built-in function id>,3620814.3079951517
<built-in function id>,4848901.075288522
<built-in function id>,5372032.412787709
<built-in function id>,5819231.339790643
<built-in function id>,4933135.932753606
<built-in function id>,5448147.531346012
<built-in function id>,4590052.907081946
<built-in function id>,11175973.134041317
<built-in function id>,4941077.711897301
<built-in function id>,3672980.3054602016
<built-in function id>,49609.88022137534
<built-in function id>,98777.26400239402
<built-in function id>,2062682.5545875377
<built-in function id>,3305948.5192066417
<built-in function id>,4895450.851689165
<built-in function id>,200359.59013531933
<built-in function id>,3359035.828176162
<built-in function id>,2300227.639519797
<built-in function id>,2094211.6126612504
<built-in function id>,2198246.023830616
<built-in function id>,2175169.2514777263
<built-in function id>,2565810.632489788
<built-in function id>,3761985.100362742
<built-in function id>,2249741.0015995777
<built-in function id>,4934249.677331193
<built-in function id>,5491848.134759314
<built-in function id>,5217632.456842014
<built-in function id>,4328710.432864049
<built-in function id>,5919898.134445846
<built-in function id>,4817094.294211395
<built-in function id>,5924925.274198917
<built-in function id>,6591854.701470033
<built-in function id>,6709722.0884487955
<built-in function id>,126760.03693277945
<built-in function id>,155711.00989256572
<built-in function id>,987911.3030691899
<built-in function id>,2359639.1461218004
<built-in function id>,137919.3785310145
<built-in function id>,6673021.761601285
<built-in function id>,2091341.223522799
<built-in function id>,4768862.048204856
<built-in function id>,4594158.530567385
<built-in function id>,6114027.488767737
<built-in function id>,5470907.2046797685
<built-in function id>,4799290.828107791
<built-in function id>,3414874.777216708
<built-in function id>,4955782.141973298
<built-in function id>,4898201.65457167
<built-in function id>,4408367.793057426
<built-in function id>,4182879.8600624828
<built-in function id>,4829448.273415316
<built-in function id>,4989041.83536909
<built-in function id>,4532079.235823467
<built-in function id>,6584809.466122708
<built-in function id>,5419327.792957043
<built-in function id>,4387309.774745623
<built-in function id>,8844289.46217626
<built-in function id>,9635478.873172669
<built-in function id>,4362876.820815433
<built-in function id>,2385857.529832512
<built-in function id>,2797197.276915203
<built-in function id>,75502.66605446333
<built-in function id>,2686980.571401141
<built-in function id>,6325282.865764662
<built-in function id>,4985337.599049562
<built-in function id>,6327397.130192538
<built-in function id>,4997517.980471947
<built-in function id>,86019.0018905951
<built-in function id>,4193765.053040104
<built-in function id>,4732860.781861178
<built-in function id>,2519785.0792025947
<built-in function id>,2720801.2207960407
<built-in function id>,4271462.418761077
<built-in function id>,2993648.615466058
<built-in function id>,8997330.183099343
<built-in function id>,5239661.253072175
<built-in function id>,4835765.88429179
<built-in function id>,3794109.1244503427
<built-in function id>,4030978.8132138653
<built-in function id>,4210805.181914941
<built-in function id>,5057744.650309667
<built-in function id>,7331434.845994691
<built-in function id>,5955411.671333956
<built-in function id>,3819221.9205304566
<built-in function id>,4377416.561240905
<built-in function id>,6458313.130293694
<built-in function id>,7321927.569835919
<built-in function id>,6471106.400106808
<built-in function id>,7092656.302447719
<built-in function id>,6359489.328271492
<built-in function id>,4997123.889177965
<built-in function id>,6919373.841967593
<built-in function id>,5460201.396521263
<built-in function id>,4567549.111528172
<built-in function id>,5631077.249947514
<built-in function id>,5183336.804110653
<built-in function id>,4584517.678983768
<built-in function id>,4334197.809910027
<built-in function id>,5339575.039730075
<built-in function id>,5162517.102510763
<built-in function id>,4115675.0637910143
<built-in function id>,4150630.2257175716
<built-in function id>,2507415.9305463005
<built-in function id>,2499009.8522144547
<built-in function id>,2512051.383155917
<built-in function id>,4145437.804732872
<built-in function id>,2880185.85279743
<built-in function id>,3031075.4420254873
<built-in function id>,4343281.689323973
<built-in function id>,7928925.097651323
<built-in function id>,8276554.14681868
<built-in function id>,8229666.665517608
<built-in function id>,10237499.447731392
<built-in function id>,6401504.270979407
<built-in function id>,5072926.168835911
<built-in function id>,5541600.0913895145
<built-in function id>,6419950.487627446
<built-in function id>,7470839.351718351
<built-in function id>,8750429.601675423
<built-in function id>,7768059.432915104
<built-in function id>,7058602.00404278
<built-in function id>,5349553.257264921
<built-in function id>,8491484.882561214
<built-in function id>,5520197.949090095
<built-in function id>,3724777.834258262
<built-in function id>,4196465.201591412
<built-in function id>,4088096.7381320116
<built-in function id>,6037422.280699598
<built-in function id>,4204063.376648479
<built-in function id>,4187836.582764292
<built-in function id>,3843440.983951513
<built-in function id>,3750474.180733207
<built-in function id>,4203434.448825522
<built-in function id>,4153992.8843046073
<built-in function id>,4121438.4212239874
<built-in function id>,5867987.2409390705
<built-in function id>,8327752.653755214
<built-in function id>,7276659.555331602
<built-in function id>,7419237.424510999
<built-in function id>,6915305.265636455
<built-in function id>,9159182.85240748
<built-in function id>,7625434.66131937
<built-in function id>,6735224.067508969
<built-in function id>,7184825.806842339
<built-in function id>,8733063.04362163
<built-in function id>,4877389.977775621
<built-in function id>,5529168.59832685
<built-in function id>,7565275.416563846
<built-in function id>,5799121.150752632
<built-in function id>,154517.4626858361
<built-in function id>,5798408.427439942
<built-in function id>,144350.043054956
<built-in function id>,4416248.3201771565
<built-in function id>,4292323.356325324
<built-in function id>,6461321.975797369
<built-in function id>,4416520.492928184
<built-in function id>,5129526.638352336
<built-in function id>,4582576.316825757
<built-in function id>,4463107.64989847
<built-in function id>,5807454.66924482
<built-in function id>,4944729.864240757
<built-in function id>,5383654.60518695
<built-in function id>,2937054.6889553107
<built-in function id>,2776909.3830419653
<built-in function id>,4518236.043579791
<built-in function id>,2922340.0817895215
<built-in function id>,92361.12952238607
<built-in function id>,2746382.208067183
<built-in function id>,5318991.117254534
<built-in function id>,8428454.12708079
<built-in function id>,5548351.199423517
<built-in function id>,4535180.665982624
<built-in function id>,4180899.013718663
<built-in function id>,4680738.223949036
<built-in function id>,4148143.6181893065
<built-in function id>,5378352.413500601
<built-in function id>,4716036.483127928
<built-in function id>,4509997.54636902
<built-in function id>,4712047.120765265
<built-in function id>,5017970.143634128
<built-in function id>,4736714.710757921
<built-in function id>,3085534.1944959383
<built-in function id>,2524473.524144531
<built-in function id>,5303432.080759457
<built-in function id>,2907913.608440544
<built-in function id>,4089994.0311506465
<built-in function id>,4506249.641666232
<built-in function id>,2735869.832249812
<built-in function id>,2285067.4087057677
<built-in function id>,2588018.646581571
<built-in function id>,4178640.1058276086
<built-in function id>,2368798.347595135
<built-in function id>,2679997.841845099
<built-in function id>,2266107.3586437255
<built-in function id>,2283521.9878599704
<built-in function id>,4769182.779342725
<built-in function id>,4164738.437748949
<built-in function id>,4047600.630381431
<built-in function id>,3211238.3928226386
<built-in function id>,4612165.371906549
<built-in function id>,2866875.473637056
<built-in function id>,3362109.5100854747
<built-in function id>,2747927.493112148
<built-in function id>,2660484.156662143
<built-in function id>,3794205.1494369777
<built-in function id>,6354021.207848231
<built-in function id>,3017742.4732854194
<built-in function id>,2852130.3246790026
<built-in function id>,2564892.805280754
<built-in function id>,7421617.61974027
<built-in function id>,8322125.606837532
<built-in function id>,9444643.714082368
<built-in function id>,6046766.195573796
<built-in function id>,3447869.4474871806
<built-in function id>,6087252.047758142
<built-in function id>,2635832.7126816423
<built-in function id>,4951868.980123202
<built-in function id>,6087900.047665115
<built-in function id>,2806601.1985740406
<built-in function id>,2548302.3835038445
<built-in function id>,3988522.1594410078
<built-in function id>,4563634.791030198
<built-in function id>,4257566.768161698
<built-in function id>,5580695.516053064
<built-in function id>,3696966.813193497
<built-in function id>,132008.7288466526
<built-in function id>,2742015.827639265
<built-in function id>,4953674.974536369
<built-in function id>,3156331.537803349
<built-in function id>,93725.32599950771
<built-in function id>,5894472.3313527685
<built-in function id>,2336151.803665416
<built-in function id>,1591658.2792586237
<built-in function id>,3797189.626299176
<built-in function id>,5413344.907186803
<built-in function id>,1935356.1677403057
<built-in function id>,5384710.242415865
<built-in function id>,2669164.1504968586
<built-in function id>,2049088.6538561427
<built-in function id>,4892978.06011408
<built-in function id>,2067667.4977292581
<built-in function id>,5358392.075524171
<built-in function id>,4242288.996660352
<built-in function id>,1896203.354308899
<built-in function id>,3604628.3228865517
<built-in function id>,2321476.3444335484
<built-in function id>,4127089.1674679625
<built-in function id>,81556.49120222034
<built-in function id>,5794387.964975285
<built-in function id>,77676.11026273966
<built-in function id>,2349470.1253157053
<built-in function id>,2438865.2481512106
<built-in function id>,1757395.2940886302
<built-in function id>,2006462.008557307
<built-in function id>,5477880.491066697
<built-in function id>,3454732.32533504
<built-in function id>,3733423.338965047
<built-in function id>,83078.05893054845
<built-in function id>,2923124.592373018
<built-in function id>,2748277.232127271
<built-in function id>,5443834.64673325
<built-in function id>,3720669.5633278694
<built-in function id>,2449073.681886017
<built-in function id>,1730538.2057402856
<built-in function id>,2393906.240793901
<built-in function id>,4942874.389143043
<built-in function id>,3175780.1263854755
<built-in function id>,2722195.9884712985
<built-in function id>,4822532.78674544
<built-in function id>,5751333.499380501
<built-in function id>,5504480.004866
<built-in function id>,5541182.848755895
<built-in function id>,3012522.6637251563
<built-in function id>,4981096.649651838
<built-in function id>,5375887.304353534
<built-in function id>,5357227.738074117
<built-in function id>,4299890.852549904
<built-in function id>,4721887.843972275
<built-in function id>,2061942.3194229181
<built-in function id>,7410626.780794294
<built-in function id>,7930512.224464692
<built-in function id>,4994688.313898926
<built-in function id>,5318826.464475677
<built-in function id>,2764380.157054779
<built-in function id>,2930456.2985743387
<built-in function id>,4881673.765111615
<built-in function id>,8590876.705021163
<built-in function id>,7977478.598227295
<built-in function id>,5963190.651627192
<built-in function id>,4741408.812379273
<built-in function id>,7153563.349040063
<built-in function id>,6047244.725693374
<built-in function id>,5490597.405729743
<built-in function id>,5770252.158802836
<built-in function id>,4929101.941285093
<built-in function id>,4344952.124118743
<built-in function id>,4493612.794073197
<built-in function id>,5593743.926397978
<built-in function id>,4905932.159562388
<built-in function id>,5578640.209912805
<built-in function id>,3043098.7359330948
<built-in function id>,6269764.793747726
<built-in function id>,2800151.4084203523
<built-in function id>,5607580.1460708855
<built-in function id>,5033757.223853756
<built-in function id>,4021501.247106664
<built-in function id>,5032711.975901024
<built-in function id>,6161106.196971331
<built-in function id>,4494489.0175198475
<built-in function id>,5297401.974989761
<built-in function id>,5789828.721323734
<built-in function id>,3984487.0795328217
<built-in function id>,5171194.906354638
<built-in function id>,5495529.8536531115
<built-in function id>,5413369.561944229
<built-in function id>,4783927.527434299
<built-in function id>,4935911.234359648
<built-in function id>,123061.21641674417
<built-in function id>,3430148.4087118474
<built-in function id>,5821640.928673147
<built-in function id>,130118.78610077295
<built-in function id>,4843658.471169489
<built-in function id>,4924805.03362017
<built-in function id>,3663462.107826787
<built-in function id>,2540304.726754151
<built-in function id>,4974000.0349837495
<built-in function id>,2751389.7493635593
<built-in function id>,5683185.941380716
<built-in function id>,95499.38070747565
<built-in function id>,1982329.0002568571
<built-in function id>,2609967.488923336
<built-in function id>,2342319.8854835513
<built-in function id>,4144084.7724344814
<built-in function id>,3001831.115560887
<built-in function id>,2099690.081684086
<built-in function id>,2798672.1824670145
<built-in function id>,2307684.1027487465
<built-in function id>,2338771.2696311814
<built-in function id>,3032975.9970261534
<built-in function id>,3909370.599718304
<built-in function id>,4291396.725775294
<built-in function id>,5451730.129244157
<built-in function id>,3487098.880850099
<built-in function id>,3318058.980023619
<built-in function id>,2071151.2822176395
<built-in function id>,4745811.634818109
<built-in function id>,84287.23616685923
<built-in function id>,2520163.248552708
<built-in function id>,3652681.0068690795
<built-in function id>,28447.17685575683
<built-in function id>,138251.1948464451
<built-in function id>,74722.97588967363
<built-in function id>,4806996.657241471
<built-in function id>,5060548.968825562
<built-in function id>,5446190.275567475
<built-in function id>,5797216.833062265
<built-in function id>,4701055.844937717
<built-in function id>,4943494.253744949
<built-in function id>,4932437.181670459
<built-in function id>,4489104.43516185
<built-in function id>,6801912.852339686
<built-in function id>,6526359.659506825
<built-in function id>,2530970.4619869487
<built-in function id>,7337878.776420216
<built-in function id>,3187190.506899285
<built-in function id>,2731234.6484631035
<built-in function id>,8634341.166674886
<built-in function id>,58518.030063446546
<built-in function id>,2387337.2350131376
<built-in function id>,3205279.2968180585
<built-in function id>,2683055.0247087223
<built-in function id>,67241.72644424022
<built-in function id>,68675.24332798921
<built-in function id>,2683463.276964612
<built-in function id>,5384924.42595545
<built-in function id>,100951.44148924958
<built-in function id>,6146383.79885129
